{
  "model": "gemma-2-2b",
  "model_display": "Gemma-2 2B",
  "sae_release": "gemma-2-2b-res-matryoshka-dc",
  "sae_id": "blocks.20.hook_resid_post",
  "test_bias": {
    "Baseline": {
      "abs_bias": 0.0841347510895827,
      "abs_bias_ci": [
        0.07201293938418003,
        0.09720704302095769
      ],
      "signed_bias": 0.08238546823971635,
      "signed_bias_ci": [
        0.07000684356949101,
        0.09560132136976017
      ],
      "gender_mass": 0.178508720315776,
      "gender_mass_ci": [
        0.16022806529670838,
        0.19776065494460832
      ]
    },
    "F1949": {
      "abs_bias": 0.10301481473828611,
      "abs_bias_ci": [
        0.08946598319361924,
        0.11753741858107672
      ],
      "signed_bias": 0.10259397117521238,
      "signed_bias_ci": [
        0.08905156554268887,
        0.11717347364072496
      ],
      "gender_mass": 0.16450508121741178,
      "gender_mass_ci": [
        0.14738629515762877,
        0.18264697530556032
      ]
    },
    "F356": {
      "abs_bias": 0.03196017890889881,
      "abs_bias_ci": [
        0.02618010539395982,
        0.03857014492060363
      ],
      "signed_bias": 0.015806151634297834,
      "signed_bias_ci": [
        0.008840011191325046,
        0.023050726630383676
      ],
      "gender_mass": 0.13416875511341284,
      "gender_mass_ci": [
        0.11928640557858156,
        0.1499326005740675
      ]
    },
    "F127": {
      "abs_bias": 0.012763064126498516,
      "abs_bias_ci": [
        0.008820744204230815,
        0.017374692933399705
      ],
      "signed_bias": 0.012261615826600193,
      "signed_bias_ci": [
        0.008317063535137427,
        0.01687822739937447
      ],
      "gender_mass": 0.023056948023824433,
      "gender_mass_ci": [
        0.017491801324135553,
        0.02943335316550941
      ]
    },
    "F1949 + F356": {
      "abs_bias": 0.042048613446056704,
      "abs_bias_ci": [
        0.03530108617235942,
        0.04963062306827245
      ],
      "signed_bias": 0.040981378868195376,
      "signed_bias_ci": [
        0.03412446418676491,
        0.0486356300732815
      ],
      "gender_mass": 0.11981732727491058,
      "gender_mass_ci": [
        0.10633659060625665,
        0.13409846722398056
      ]
    },
    "All three": {
      "abs_bias": 0.0031721266729499453,
      "abs_bias_ci": [
        0.0022582242200707772,
        0.0042534077754084925
      ],
      "signed_bias": 0.0027877880655579586,
      "signed_bias_ci": [
        0.001851937156735776,
        0.00387397054311307
      ],
      "gender_mass": 0.011054385473354604,
      "gender_mass_ci": [
        0.008402800438865122,
        0.014120708868085122
      ]
    },
    "F1949 (half) + F356": {
      "abs_bias": 0.03467123091781953,
      "abs_bias_ci": [
        0.028720628989540014,
        0.041466845494829235
      ],
      "signed_bias": 0.02944082529401209,
      "signed_bias_ci": [
        0.022981425604544376,
        0.03668825483432516
      ],
      "gender_mass": 0.12680989146099164,
      "gender_mass_ci": [
        0.11262485784234036,
        0.14185008025660145
      ]
    }
  },
  "ppl": {
    "Baseline": 17.63884760283033,
    "F1949": 17.63884760283033,
    "F356": 17.63884760283033,
    "F127": 17.63884760283033,
    "F1949 + F356": 17.63884760283033,
    "All three": 17.63884760283033,
    "F1949 (half) + F356": 17.63884760283033
  },
  "lambada": {
    "Baseline": 0.464,
    "F1949": 0.462,
    "F356": 0.464,
    "F127": 0.466,
    "F1949 + F356": 0.462,
    "All three": 0.462,
    "F1949 (half) + F356": 0.464
  },
  "blimp": {
    "Baseline": {
      "anaphor_gender_agreement": 0.98,
      "irregular_past_participle_adjectives": 0.86
    },
    "F1949": {
      "anaphor_gender_agreement": 0.98,
      "irregular_past_participle_adjectives": 0.86
    },
    "F356": {
      "anaphor_gender_agreement": 0.98,
      "irregular_past_participle_adjectives": 0.86
    },
    "F127": {
      "anaphor_gender_agreement": 0.98,
      "irregular_past_participle_adjectives": 0.86
    },
    "F1949 + F356": {
      "anaphor_gender_agreement": 0.98,
      "irregular_past_participle_adjectives": 0.86
    },
    "All three": {
      "anaphor_gender_agreement": 0.98,
      "irregular_past_participle_adjectives": 0.86
    },
    "F1949 (half) + F356": {
      "anaphor_gender_agreement": 0.98,
      "irregular_past_participle_adjectives": 0.86
    }
  },
  "winogender": {
    "Baseline": 0.87,
    "F1949": 0.94,
    "F356": 0.685,
    "F127": 0.86,
    "F1949 + F356": 0.86,
    "All three": 0.875,
    "F1949 (half) + F356": 0.775
  },
  "crows_pairs": {
    "Baseline": 0.7022900763358778,
    "F1949": 0.7022900763358778,
    "F356": 0.7022900763358778,
    "F127": 0.7022900763358778,
    "F1949 + F356": 0.7022900763358778,
    "All three": 0.7022900763358778,
    "F1949 (half) + F356": 0.7022900763358778
  },
  "interventions": {
    "Baseline": null,
    "F1949": {
      "1949": 0.0
    },
    "F356": {
      "356": 0.0
    },
    "F127": {
      "127": 0.0
    },
    "F1949 + F356": {
      "1949": 0.0,
      "356": 0.0
    },
    "All three": {
      "1949": 0.0,
      "356": 0.0,
      "127": 0.0
    },
    "F1949 (half) + F356": {
      "1949": 0.5,
      "356": 0.0
    }
  },
  "n_decoupled_features": 0,
  "n_bias_reducers": 4
}