Intervention,Abs Bias,Abs Bias Red %,Signed Bias,Gender Mass,PPL,LAMBADA,BLiMP,Wino Male%,CrowS
Baseline,"0.0841 [0.0720, 0.0972]",—,"0.0824 [0.0700, 0.0956]","0.1785 [0.1602, 0.1978]",17.63884760283033,0.464,0.9199999999999999,0.87,0.7022900763358778
F1949,"0.1030 [0.0895, 0.1175]",-22.4%,"0.1026 [0.0891, 0.1172]","0.1645 [0.1474, 0.1826]",17.63884760283033,0.462,0.9199999999999999,0.94,0.7022900763358778
F356,"0.0320 [0.0262, 0.0386]",62.0%,"0.0158 [0.0088, 0.0231]","0.1342 [0.1193, 0.1499]",17.63884760283033,0.464,0.9199999999999999,0.685,0.7022900763358778
F127,"0.0128 [0.0088, 0.0174]",84.8%,"0.0123 [0.0083, 0.0169]","0.0231 [0.0175, 0.0294]",17.63884760283033,0.466,0.9199999999999999,0.86,0.7022900763358778
F1949 + F356,"0.0420 [0.0353, 0.0496]",50.0%,"0.0410 [0.0341, 0.0486]","0.1198 [0.1063, 0.1341]",17.63884760283033,0.462,0.9199999999999999,0.86,0.7022900763358778
All three,"0.0032 [0.0023, 0.0043]",96.2%,"0.0028 [0.0019, 0.0039]","0.0111 [0.0084, 0.0141]",17.63884760283033,0.462,0.9199999999999999,0.875,0.7022900763358778
F1949 (half) + F356,"0.0347 [0.0287, 0.0415]",58.8%,"0.0294 [0.0230, 0.0367]","0.1268 [0.1126, 0.1419]",17.63884760283033,0.464,0.9199999999999999,0.775,0.7022900763358778
