Intervention,Abs Bias,Abs Bias Red %,Signed Bias,Gender Mass,PPL,LAMBADA,BLiMP,Wino Male%,CrowS
Baseline,"0.0609 [0.0537, 0.0686]",—,"0.0605 [0.0532, 0.0682]","0.1131 [0.1022, 0.1246]",92.43858665566839,0.084,0.925,0.895,0.5801526717557252
F8042,"0.0585 [0.0516, 0.0660]",3.8%,"0.0581 [0.0511, 0.0656]","0.1112 [0.1004, 0.1226]",92.43858665566839,0.084,0.925,0.89,0.5801526717557252
