{
  "model": "gpt2",
  "model_display": "GPT-2 Small",
  "sae_release": "gpt2-small-res-jb",
  "sae_id": "blocks.11.hook_resid_pre",
  "test_bias": {
    "Baseline": {
      "abs_bias": 0.06926426830884881,
      "abs_bias_ci": [
        0.06072143007894498,
        0.07855232165904587
      ],
      "signed_bias": 0.0688743585199836,
      "signed_bias_ci": [
        0.06034214856496422,
        0.07821678804514628
      ],
      "gender_mass": 0.16039912040378335,
      "gender_mass_ci": [
        0.14464164766335855,
        0.17696818961477567
      ]
    },
    "F23772": {
      "abs_bias": 0.07028426524773101,
      "abs_bias_ci": [
        0.061716506709035175,
        0.07961034155604195
      ],
      "signed_bias": 0.06989435545886578,
      "signed_bias_ci": [
        0.06134737607571198,
        0.0793192836243179
      ],
      "gender_mass": 0.16027698315543332,
      "gender_mass_ci": [
        0.14452280243865956,
        0.17683737811825706
      ]
    },
    "F837": {
      "abs_bias": 0.06143455833960103,
      "abs_bias_ci": [
        0.05387188025349889,
        0.06970685438204849
      ],
      "signed_bias": 0.0610446485507358,
      "signed_bias_ci": [
        0.05344197556660812,
        0.06939871614780353
      ],
      "gender_mass": 0.15850533044914505,
      "gender_mass_ci": [
        0.1428059905296321,
        0.1751044914305206
      ]
    },
    "F4077": {
      "abs_bias": 0.07288373206269111,
      "abs_bias_ci": [
        0.06362674876751777,
        0.08311793113634013
      ],
      "signed_bias": 0.07256211722933617,
      "signed_bias_ci": [
        0.06325958312246693,
        0.08278299463530886
      ],
      "gender_mass": 0.15974872882785127,
      "gender_mass_ci": [
        0.14415371631959872,
        0.17618664487783897
      ]
    },
    "F23772 + F837": {
      "abs_bias": 0.06248832657847937,
      "abs_bias_ci": [
        0.054887628917987805,
        0.07089429636276365
      ],
      "signed_bias": 0.06209841678961415,
      "signed_bias_ci": [
        0.05443934225454691,
        0.07048232640974117
      ],
      "gender_mass": 0.15837039862970495,
      "gender_mass_ci": [
        0.1426835072207637,
        0.17498209997100542
      ]
    },
    "All three": {
      "abs_bias": 0.06646243194572778,
      "abs_bias_ci": [
        0.058094656454261595,
        0.0757831787368889
      ],
      "signed_bias": 0.06614081711237282,
      "signed_bias_ci": [
        0.057697462249362466,
        0.07548994259645936
      ],
      "gender_mass": 0.15765898590965957,
      "gender_mass_ci": [
        0.14212877047844247,
        0.17411457690438675
      ]
    },
    "F23772 (half) + F837": {
      "abs_bias": 0.06196234813091009,
      "abs_bias_ci": [
        0.05438143544556947,
        0.07029066367150352
      ],
      "signed_bias": 0.061572438342044865,
      "signed_bias_ci": [
        0.05393331257094083,
        0.06994099376395399
      ],
      "gender_mass": 0.15843979822537851,
      "gender_mass_ci": [
        0.14274291289688315,
        0.17504235198096438
      ]
    }
  },
  "ppl": {
    "Baseline": 48.8208432014079,
    "F23772": 48.8208432014079,
    "F837": 48.8208432014079,
    "F4077": 48.8208432014079,
    "F23772 + F837": 48.8208432014079,
    "All three": 48.8208432014079,
    "F23772 (half) + F837": 48.8208432014079
  },
  "lambada": {
    "Baseline": 0.15,
    "F23772": 0.15,
    "F837": 0.15,
    "F4077": 0.15,
    "F23772 + F837": 0.15,
    "All three": 0.15,
    "F23772 (half) + F837": 0.15
  },
  "blimp": {
    "Baseline": {
      "anaphor_gender_agreement": 0.995,
      "irregular_past_participle_adjectives": 0.995
    },
    "F23772": {
      "anaphor_gender_agreement": 0.995,
      "irregular_past_participle_adjectives": 0.995
    },
    "F837": {
      "anaphor_gender_agreement": 0.995,
      "irregular_past_participle_adjectives": 0.995
    },
    "F4077": {
      "anaphor_gender_agreement": 0.995,
      "irregular_past_participle_adjectives": 0.995
    },
    "F23772 + F837": {
      "anaphor_gender_agreement": 0.995,
      "irregular_past_participle_adjectives": 0.995
    },
    "All three": {
      "anaphor_gender_agreement": 0.995,
      "irregular_past_participle_adjectives": 0.995
    },
    "F23772 (half) + F837": {
      "anaphor_gender_agreement": 0.995,
      "irregular_past_participle_adjectives": 0.995
    }
  },
  "winogender": {
    "Baseline": 0.805,
    "F23772": 0.815,
    "F837": 0.78,
    "F4077": 0.815,
    "F23772 + F837": 0.805,
    "All three": 0.885,
    "F23772 (half) + F837": 0.795
  },
  "crows_pairs": {
    "Baseline": 0.6068702290076335,
    "F23772": 0.6068702290076335,
    "F837": 0.6068702290076335,
    "F4077": 0.6068702290076335,
    "F23772 + F837": 0.6068702290076335,
    "All three": 0.6068702290076335,
    "F23772 (half) + F837": 0.6068702290076335
  },
  "interventions": {
    "Baseline": null,
    "F23772": {
      "23772": 0.0
    },
    "F837": {
      "837": 0.0
    },
    "F4077": {
      "4077": 0.0
    },
    "F23772 + F837": {
      "23772": 0.0,
      "837": 0.0
    },
    "All three": {
      "23772": 0.0,
      "837": 0.0,
      "4077": 0.0
    },
    "F23772 (half) + F837": {
      "23772": 0.5,
      "837": 0.0
    }
  },
  "n_decoupled_features": 3,
  "n_bias_reducers": 7
}