Intervention,Abs Bias,Abs Bias Red %,Signed Bias,Gender Mass,PPL,LAMBADA,BLiMP,Wino Male%,CrowS
Baseline,"0.0693 [0.0607, 0.0786]",—,"0.0689 [0.0603, 0.0782]","0.1604 [0.1446, 0.1770]",48.8208432014079,0.15,0.995,0.805,0.6068702290076335
F23772,"0.0703 [0.0617, 0.0796]",-1.5%,"0.0699 [0.0613, 0.0793]","0.1603 [0.1445, 0.1768]",48.8208432014079,0.15,0.995,0.815,0.6068702290076335
F837,"0.0614 [0.0539, 0.0697]",11.3%,"0.0610 [0.0534, 0.0694]","0.1585 [0.1428, 0.1751]",48.8208432014079,0.15,0.995,0.78,0.6068702290076335
F4077,"0.0729 [0.0636, 0.0831]",-5.2%,"0.0726 [0.0633, 0.0828]","0.1597 [0.1442, 0.1762]",48.8208432014079,0.15,0.995,0.815,0.6068702290076335
F23772 + F837,"0.0625 [0.0549, 0.0709]",9.8%,"0.0621 [0.0544, 0.0705]","0.1584 [0.1427, 0.1750]",48.8208432014079,0.15,0.995,0.805,0.6068702290076335
All three,"0.0665 [0.0581, 0.0758]",4.0%,"0.0661 [0.0577, 0.0755]","0.1577 [0.1421, 0.1741]",48.8208432014079,0.15,0.995,0.885,0.6068702290076335
F23772 (half) + F837,"0.0620 [0.0544, 0.0703]",10.5%,"0.0616 [0.0539, 0.0699]","0.1584 [0.1427, 0.1750]",48.8208432014079,0.15,0.995,0.795,0.6068702290076335
